<?xml version="1.0" encoding="UTF-8"?>
<project-private xmlns="http://www.netbeans.org/ns/project-private/1">
    <editor-bookmarks xmlns="http://www.netbeans.org/ns/editor-bookmarks/2" lastBookmarkId="0"/>
    <open-files xmlns="http://www.netbeans.org/ns/projectui-open-files/2">
        <group>
            <file>file:/C:/Users/prati/OneDrive/Documents/NetBeansProjects/Libraray%20Management%20system/src/libraray/management/system/LibrarayManagementSystem.java</file>
            <file>file:/C:/Users/prati/OneDrive/Documents/NetBeansProjects/Libraray%20Management%20system/src/home.java</file>
            <file>file:/C:/Users/prati/OneDrive/Documents/NetBeansProjects/Libraray%20Management%20system/src/issueBook.java</file>
            <file>file:/C:/Users/prati/OneDrive/Documents/NetBeansProjects/Libraray%20Management%20system/src/login.java</file>
            <file>file:/C:/Users/prati/OneDrive/Documents/NetBeansProjects/Libraray%20Management%20system/src/newBook.java</file>
            <file>file:/C:/Users/prati/OneDrive/Documents/NetBeansProjects/Libraray%20Management%20system/src/newStudent.java</file>
            <file>file:/C:/Users/prati/OneDrive/Documents/NetBeansProjects/Libraray%20Management%20system/src/Project/ConnectionProvider.java</file>
        </group>
    </open-files>
</project-private>
